uid,class
604886640ac948f1980d81bc4a3ed7cf,bed
ea5d7b8656c74af3843a5fcb34c30d21,bed
a12d3ae76e3944428f14e5b15d4f0efd,bed
b547d81073b64d3e97200fd3ae9a74af,bed
0776052b361b4002aba142e6ec6bd01e,bed
568f22034e364caca4e450a6d534dbd6,bed
b0aa0259376b435fab6645365a7fbd87,bed
6eb4212e70b941a3bd2db196a47828b9,bed
9eefcf9a6fed458990b59f63a2870d9e,bed
6251708b41514ee6b4fec0e3955c4b69,bed
2bd3fcc82c9f43cfb0c8cf26c7d0107c,bed
fc9cbf532b6045969b9f7eeac339afd2,bed
0034c300f743460c8c84bce3d81ff604,bed
954bcc16347940af96136bc6b666cb69,bed
3ed408980a9b4f9396a7f7c48ec50aa4,bed
ef7e34822e60420ca3a3a6d4a4509a95,bed
34cdfe3cfc4f467bad8fb088a3949f3d,bed
dda2613eb5c04527a325a3b0bce9f79c,bed
a0a80e5afb33458fbc0aa0ca6d0636b1,bed
0972c48a7e4548bca80975a47a823bab,bed
d1d7750af5144d1bb7d9fcc66b137c4c,bed
ca1990835c3c4be3b2f1c59eb3355bd9,bed
634e876bc6374e46ba5b5554bf63cb75,bed
d6507259030a46f2a21a58c55d45c67f,bed
7b13b36ba2304912afc9840caea731c6,bed
81ada0e24e1647d8a0d6d0708a696f84,bed
08f7f65edfea417b8ed9ca748381e507,bed
d7fcaa3e8c844418a38b721c325bb2af,bed
c017f22cb89f449995d054ba1d1ddd25,bed
0a5652c16e1a4575903dfc1696382502,bed
0cb0a6704c8a4fbd967039998a9d76ac,bed
5dbfe3c5798445a5bdff4efca0b943a2,bed
8d8a605ac22e422cb14c0c38abb7db44,bed
426c14adba6a45638752986c2f7d16b2,bed
3d118a9fd6e34ddab99cb0fab5540682,bed
65a13a04056c4f51a9c324e2a975b9a5,bed
653a622f383244ab9e7859f9aa2dcc8f,bed
322ba3a159a845c7b7642467e23fcc2d,bed
d92ab9476b6c4223b9e942954aa58835,bed
f2b3a71f48d040069fb144f76a1180d9,bed
7f1392ba478242d7a2093930b213e954,bed
dc3024aa5e234f4299641f072558b9a8,bed
3603cf85c49e4323a93b62db0258b36f,bed
661f07b296ab4f2e8cc5ac822868f5b6,bed
ef4fef24c990461986a96f5462c5248d,bed
e20424c0c85b49bc8d85f7b3949f0962,bed
5d3a99865ac84d8a8bf06b263aa5bb55,bed
2c23a943c53048a3a7991d68ed3cf069,bed
a2b2645701c94fa49e65661806219c6b,bed
81f414be3f95468995f5527647349920,bed
ae81468e59404c9bb18333bb42114488,chair
7b2b1b1235b44c579d45fbc8d498e678,chair
9d6276dd6744474391fc21031bf75404,chair
79c0f5d111324264b4c6fea9402df88e,chair
ed8d17407c75443d8ad6eb4045cfafa4,chair
fdcf9d47997048da826ffaf7d84024b4,chair
ac33b2fcd1524da8aa3d07637412093c,chair
a911adbf46d14001954e6b41d4f52ff0,chair
75b13759a6e84978b41cb52073031326,chair
b3ce6d803aa74929b5317a4771780b42,chair
5a95a3afbf164e26b538de19cdb74ea4,chair
a653e92fad4f4721ad92fbd8f386acfe,chair
1b1245352f35414c8af77be29e1b2135,chair
7e46ca9ebbb24affa9ac348886481dbe,chair
f6a450e1a23b4abdbb82fdd36f7015f9,chair
38270fc8d593420897328cdba88ba242,chair
a8fdfaba559e4f9899944f8d50f2bda6,chair
09fd6b85dfc84ccfac7b6d3ef378fea2,chair
ee1e4fa481484989b0e01b0078b71a96,chair
90853681645c494092323583f1225a56,chair
7f10ef845b594690bff6cc5dc21c3f99,chair
64b170e4864549c382b6c94c529203d7,chair
c47502ead1e94b5eaae8447e512cc772,chair
2353c11119674786955adfda7368df62,chair
039c6026571943d6ac45c6816bcc7ff1,chair
600e1e7db1cf48479da37f997e6c3448,chair
3130cc3252934eb4aea42db804d4f953,chair
63797942d2674b6da5c94ce19672e6b6,chair
4281fdefe6ee4cf0a81f5d4fe9bb67db,chair
dca771ce34eb4d21879a489eca6c4882,chair
19c3819d047c4ea5b792d7dab5fb7a19,chair
3b3156919dfa4cffa6ced7236b7cef07,chair
8102032a85e34e1d9e9193e6149946f1,chair
6829f6df49124a50ace106d4cb754064,chair
90425954be6c42c2b469e032b4ae07cf,chair
28d004c0d320423d89b6b4421c23df2f,chair
2c32127e0a354be9b588bbeb8f9ac644,chair
0981a5c30fdf4416ab03bd6e32a77d08,chair
1b56d27bd90b4cfe9a70151078aad632,chair
51e2822c9d3a4c9e96171553f96bdf04,chair
0bc2011018e2463ca119ebce4e15a94b,chair
46863d3659974498bbb4427811035177,chair
335c1625295544df98584bfb5c3664e4,chair
a2eb6ec3f02c4d74955d0ccfe680cc53,chair
f59dc96c92d640da8592e995ff13f804,chair
b0196cd55f394ba4bc1b39ea4d4e5620,chair
b3a7c6081a2849c3ad4681698f0a74d6,chair
950f1d50fac64c3a918b260deb108479,chair
299d5672071e4954802237fb2f59ac22,chair
63f071b5c74341fcb4106c8975725f12,chair
7e7cc43a2fb84e44a03a67fecdd76ba8,desk
300ece91863242649e728e2f8d2a6bfe,desk
1b256f6ce7924f59a756fe8f7ba69416,desk
0a6b884fa93946278b1d9baba2e24a0b,desk
67503bb546a141c1a2b806a9c7fd9d5c,desk
68cbb104126543f285191b6dd60bd564,desk
23fa151346304c8bb8c58f58a76e6407,desk
9ccc2f73a30f4ff7b4612ac30921e38e,desk
1e20f9ec53e441518a776d51400d701e,desk
9be0b12c582c4b578ecf889bf4b3ce3d,desk
2353e9b40c4d404db33d18677848f68d,desk
cc7460534919447ca6c3d8d8bcf16ac5,desk
ee3dbdaa122b422bb4aea3dbbdd7e643,desk
bc0bb2a0a1ca4851a7b78020fe007e04,desk
76f7abaa49014cc8a9e2aab39cabf628,desk
682b809f267448ad90a8719369f63758,desk
e8d10d0d23564af590b879853be27782,desk
4d9a3e7fcf9d479881b29c84fcdc0cd2,desk
780876970a2c4106a98a838c4383a847,desk
d6bd1cf1ae6849a0b76b4b546ff69099,desk
e17af92232fd4c81828c56c2cc0a06cf,desk
592e740e6310420e957657c16d830102,desk
df1aa375f775420b90a20c1eaec9e016,desk
5d52e1d4199f4ed3a49224f967bab7a4,desk
f817f0a83a3f49ac942d46e53f930136,desk
a951835bf6d04ba0a83f8945ae5ed06d,desk
c7d79c5a304a476d87c8014a2f6565cf,desk
51bf8a73694141c99b801d64f5b2960a,desk
834e4be579584431ae0173c9a89a2b85,desk
2a43955d24514e4998ee6fd478399f66,desk
c5da9821e5684103bf0e6897c5c69b1e,desk
c3b507238f8846689447e2f59ba4a864,desk
8fda709c6b2646a49f884d130c0c86da,desk
07dd49275fc84617b5c6d3bd6a7d30a1,desk
896063c3f9a1443c89ad227649aa85dc,desk
815bd9cee3644f3f8996b4a6d123c7c3,desk
9bc147a06e7b4c26ab985f695a76de3f,desk
b7a9b0e884c849d3a0b93a3a6aa85bf3,desk
044f3af671454a619aeb2126fcbfede3,desk
b930438e1f804c409fd9c3f5e4b01628,desk
1837f10d9b064fd88a607a3d391a17af,desk
b6ea45bb0fa1462f8d49c59a14a87924,desk
c66f09a20a9146ab9b004685a5a93787,desk
5483beb389cd4837942e8f53aad09257,desk
9824a5e58892410c956cfaf9f2b07c29,desk
33c91efcccf34c48a91a058c099d6831,desk
231af8e4f0b74c5195062cb2fcc4eccf,desk
267f82acbf0341ebaca1f2a7acbd75ac,desk
3ee00f7e14674461af4241f5ef7ed039,desk
b05862a2023f4c02988b3bb3004f6ff6,desk
75c206e5f7854f169cc4013274e54c9f,wardrobe
6441b7f2164b4891889cbf627e0d9da7,wardrobe
2349ad91f46449079d909598db140528,wardrobe
dc76cf85a7cf4829a4694d6ba4a570b2,wardrobe
c2d63aecc61649938d0cfa89daf017f5,wardrobe
9128289763b0425d9472baa661028336,wardrobe
0fc4281624ec4fdfa8cb8476b6b939bb,wardrobe
2c417d1e328f43b6886baa3abd55df60,wardrobe
eb8faa54b7684e18abe6af39e1526b7b,wardrobe
f857ecf2fe3d4113b31d6be463d8d645,wardrobe
4112e07e262842c6b7070aa1505505c3,wardrobe
1c19c1e1c38c4e1b84d6d420ac312cea,wardrobe
a078eb0775c24890acd0ec3cb81009d9,wardrobe
955cf512b86c4a799aa3ef391d670e55,wardrobe
d53c18fe16c6454988c391602d11eff2,wardrobe
a3c221e5504d40a8ba019f8f1bf5ab0e,wardrobe
757961eb75a64dc689f2047ae8cdbd3b,wardrobe
dde20601f2cb495f92554efc9843a5a6,wardrobe
eafb40f6c55c4187988e8f6de625968d,wardrobe
82e38b32baed40d080454474595e82f3,wardrobe
bc03af64a3cb4af38771607b284e1ff9,wardrobe
05a4c8fccea2443f8bc67e4b3152e056,wardrobe
84e8fe47ea02466aa7276a79ee27e6e0,wardrobe
923aeae6441f448eab9ba5b278c26e6a,wardrobe
f81c236de36e4caa80f191a302b228be,wardrobe
70b7b418af714050aa83e99deb2253b7,wardrobe
4737f9c898a047a68270f1db2ad635e7,wardrobe
a9ed7b1e55824b37b7e5eabdba6545ff,wardrobe
17687db0dc1e434f9cba6d5aa71cd030,wardrobe
49b2fffdda8944b3a0871a05e4c8e14d,wardrobe
2d4dfcf83c6d43039ba60389b6e3dab3,wardrobe
8549bacb38b14596903db9172cd81922,wardrobe
88092301a90f45bf8e31752fc8d28797,wardrobe
d26b667147a34c90b70fbeee399499fb,wardrobe
f29bc960fcb6426b86a1477fe1948483,wardrobe
244e006c51f94c63a95d501de5b62360,wardrobe
016630f444f946529e4457744eefa643,wardrobe
3174abaad33740ce83debf88df53f5b1,wardrobe
58f66d35ccae498a958a90569398a419,wardrobe
f50f5a133d3a48e592c58cbecc32baf7,wardrobe
c20c815f51f24e2e8b7a3213c1b73051,wardrobe
74cb411e581f4de38ea45fb2ce4a5911,wardrobe
7a94425ceb6d488a91c835885843b77a,wardrobe
18c9781b883846fc9eaab6b2cfa8a654,wardrobe
66365495cc944181848b3db883865c98,wardrobe
0786542d0f7549208f889113fc384a7f,wardrobe
9e194868da754d55afc876127dc8f74b,wardrobe
22fdb2cc40fb4882bb1828a954cc93f9,wardrobe
3fa6a662e24b4aea8dcc21015687b721,wardrobe
b7e25d2b684747c08e90b8cf446bdb43,wardrobe
d622ab7c84f341628b6dd516ce39ccad,suitcase
96ef35ea0f4e4a5b87e8e91722f2c36b,suitcase
998cccab49ed496586994d9f4774daa0,suitcase
6902c19d05ff4550a5d85135158b046b,suitcase
0bd87db318fa442f9e35883eacf62728,suitcase
af389b9c83c146dd88c3f91246f1fb97,suitcase
049244b637ae4f4d9548742f0389bba5,suitcase
e2097054f3254a829b1f3857c20409af,suitcase
f24171aefcbe4541afa1e3d958366f7d,suitcase
4af08e1e8f594444ad79765332f299bb,suitcase
f9b7be8237b94ac0aa0f042c462cd864,suitcase
09ca07e8534d4cb2a25f074ca9bdabe9,suitcase
1758ad5207d943d597db8ff2b21bf827,suitcase
27b07e0b5046416aa86384edc99cce20,suitcase
7a1de8e4e9ed43aea81ea8d12c680948,suitcase
75b85ae9ac2a48a08cf8d55e0c311c83,suitcase
3bc876c9546a4bad91074928453456c0,suitcase
3e64c0f124594553a9a50ada31fab4d6,suitcase
3f84a13b9962451389f82a93056ffc8d,suitcase
c8e7c77b08bf42859fb6b5af90c8ff43,suitcase
8a319e3afee14f7ca1c9d625ad8345c2,suitcase
8a3bd823f3274784897aa077a76329f5,suitcase
92042891266c4fc09ee4d6c54330beb2,suitcase
5ca52fd352f7419daaa2523bf586f64b,suitcase
b4dc0da100dd446bb20567808f4db667,suitcase
e7a2631478084e1485189e3b6659c132,suitcase
16a80a9f0375413e9f752e493ff24341,suitcase
fb509f0edeae4f75ab4368a8133f4ccc,suitcase
b741649233404cecb47cdba3811b86ec,suitcase
bbe0c251bc924d4eacd4734ed1c471a9,suitcase
0be23bef28794902a00239e5e33631c9,suitcase
19842492eaac4381b4a67f84371e945f,suitcase
c2c0504dfff248c8ac5c30afc0abaee7,suitcase
c639e763b0f346769414c7c05bc38c60,suitcase
b65b3f90ac554033925f8b4a17c2a8f2,suitcase
6a915904ece84a44b91abe52cd79db45,suitcase
82492efff077414a894617eb75976358,suitcase
a073561befef4547a4edd426d9e0eac7,suitcase
973e59c18bc647669f7f8af470b67b2e,suitcase
5ebc336e5ac540b39120c3d667a245bf,suitcase
eea8846fdeec47e0a218d7778513a74b,suitcase
24deeb105683487eb54250a441029013,suitcase
1f8bfcb47e78442ea3df4c739296b2e2,suitcase
bb7e31d730814e97b882bee710535b12,suitcase
56e04573a718472cb7a92e439a005e8a,suitcase
a58aabdd62854c778e2e6e779ce16124,book
2f549172424a4b8b8976f55511b616e8,book
045b91b6257141d285c74a6bf1fceb9c,book
c61227cac7224b86b43c53ac2a2b6ec7,book
4655f87dfe2e47aa8ecd3ddc2443c240,book
0d3086601c914ca19404ad30a3fce593,book
4705d3b006694c2da3a6662f34060bfe,book
4b62714e0ab84d80a2cd1c1ac4fb02b0,book
fca10e4c57f543fe8a5153551b551c7f,book
696eabb35c77420a848a1d2bf6fa812d,book
0f788280acd84006831b13b08c0f8bf8,book
b08a7135cad84e0ca222a8cff075109b,book
f8052beda9344eba88c5692c6a29a2cf,book
07c4feb4845d40459bb9bba3fd439e79,book
64402258bbcc4c99b648057f8bd2aed6,book
a87ae6282dec4eddb89d7c5c76187ba7,book
fa87f31a66f24baebac12ebc7c4b4cb5,book
2678ba288c7f4131ab1509e0c27c1c7a,book
73e7b28141024479bcf6c3e4cabf929c,book
c1e84a838f644940ae5b40e19bcdfff8,book
775a10863f4b4819a409788ad183e2d5,book
aa0b52a4bb894529af9c0de929067704,book
78dd6c8318ee43ff8d33687267707a54,book
40b55608bd974cf08039c8f553f933aa,book
d07d3bdfb250443d8c2251eeb3c40735,book
8de9fd5da97a455dbed078676b532cfb,book
0cae68e893dc4d94bf2013a02789efe6,book
b8834458ea7d49b8813ffc910cfbf486,book
742fbdd5bf314a488494a4afdba92b25,book
6931e14a96f64b158ac4cebcf7ae8763,book
5426e6f3a789442eac69ffcb53710a26,book
dfcd6f9d7aba46938912a0f68d0ce676,book
99d6bc041c9d4f56ab414b771e14474c,book
6542db5456ec4489ae1c5ef40f079a57,book
1c77a05af556408dbfa04ad1999a8a32,book
5e9ad4f128cb489aa3e0846a1fa74ebb,book
49cdc200eaf640489b99ca818165427a,book
63ac173b927b404e9582e817361c583d,book
35626457781349f5a18ef9783f77c89d,book
1883273bf37f48218e7f5c1d8f6609ea,book
a5cce410728140c492855a109f219ac1,book
36ef9c80cceb48909e11b358aee00223,book
00c86cb620a743cc81d9cb87ad4d8696,book
202f3448f68c44ceaa5f7f8e28807341,book
63232a4cf7cb4f5284853c2dffd618f5,book
0f2ec471c84949d681ac443a458afec8,book
58426b30f2d14588b4464d5e860b40bf,book
245eda28e866471dbdc6a77d19d66a74,book
2d89f86c5af845abacec24b6203c873a,laptop
0c9957338432477bb6eb6f0609bc3062,laptop
29698e1a487349f2a89a33bf1577f859,laptop
7c4ce8f97abe48b2abfbfa6e1c9e1549,laptop
de79a920c48745ff95c0df7a7c300091,laptop
83646e018c4749abb112888eb2760a29,laptop
48f37743058940078cff17c22c3bb64d,laptop
32a4f80a37104b8480f5679f08816d59,laptop
d4ee1942949e4da3ab17f5acc5fb8d2f,laptop
fdd27718d3da45abbedd15d4b2c0a262,laptop
ea0ede5af4084ea2bdfd029789281f7b,laptop
09751dc6d60c4e0680b4942e9ac4fd36,laptop
fccc83cc82484a7583fb3325431e5257,laptop
6c7affca797a4bd29edf63c9120248fe,laptop
b2d30398ba3741da9f9aef2319ee2b8b,laptop
1c8e0c944d7242448d40b6cbb1f4901c,laptop
d6ca51e05b9a4d52b6dc6092cb71093f,laptop
939b8ecc10a049c798165148453464d0,laptop
26f516497f9f48caa7c544026bba8593,laptop
26f81d8cf40e4f559cdc65a83e6412a5,laptop
0574df9de0884e7da4564f37fe37e439,laptop
fed532fdd0904552b3f3624ec7ad7fed,laptop
8cb30e472fda43788ca754aac2d42541,laptop
229c536a8d6b445f8a21cf73f6c6dce9,laptop
fa44d55f148344169e195249c0981306,laptop
5edadba1d396423fbd1ed1bdf5a32668,laptop
cd33432aa12e40a28a7058fb289c8a7f,laptop
8d7469d6f0744edebeacbd5065bc68b8,laptop
4b41c6d29e3c4af9890d62344a3106d1,laptop
69e85cded74144bea659f52af3e81b49,laptop
2490aa1120cf4db5aeff0ea21bab77ed,laptop
a6f7179dd15a487c8d4c463cc77eff0b,laptop
0c2ec0a278fc4ce6b5ad63a3aa0280ad,laptop
00642d469eaa4b8f9a86abd68e1cc769,laptop
a17054d5f5e24c129a81d72e48e3fd65,laptop
c43a66561dd34db8836178ee6b212846,laptop
cde0666c7ba64af6b81676baecbc0b90,laptop
0f213ea073e745e6b014cb7c6a26880c,laptop
44e20762d5e944c5adf51117c2c2f152,laptop
529b2d908c8840209c578dd25b67b977,laptop
639955874f824bc381702faf7684d779,laptop
7331cd3ba5ed458782491474c2412733,laptop
1bd2933b309943febc7e3e2b63a89205,laptop
2e304962bdcd455280433a4a8eb971c1,laptop
1e1cf17d40d947deaa25bfc48effd1b0,laptop
0283a4e6c0364efc812e11ac5473137c,laptop
9764210006844040ac9b250eb382569e,laptop
8f67849acb6444978de8cfe9d6d2f761,bottle
e1e3a74aaa4c4dacb3ffdac4dd119830,bottle
9337ea6cf4e942359f290c69c77e132d,bottle
dc6dfe9c5a644082aa6673fde4916da3,bottle
4d3ed5de8ca74b4c81ccaa409a681eae,bottle
6eef299b1aac4ff29f238abca0f7cff3,bottle
39b092718d1b4068abba42ea00cee691,bottle
682695ed62224411a58cd4ce76025a89,bottle
40f7bac9be754b928f24c52d9f6b340e,bottle
b06753cff10241b4b6a130aaa8159818,bottle
2f6f4c5799c84ce1b05f6de2e04d5a21,bottle
dfda6e71d079425ea07a55ea47b94da2,bottle
7ab4aef02e08490ea413d57763175224,bottle
1018cd118d4f476bb8051a121485d27b,bottle
d4adfab902254c62b7b7d164151d0870,bottle
ef94916c83e441d483e6e3b9647d274b,bottle
b1227d257aef4baf9be6ca72754ab32c,bottle
b314794073c44ede838cf61627b5a3b7,bottle
0db165441e2f4994aebb90ceb4fbfab9,bottle
7674012736d94c84891ebd0407fb4b11,bottle
f3de0a851ed845de8ec338647372d015,bottle
4f458eea419347639f3e210201cd3a5f,bottle
3426bc4b8e8249b087a534844ef93001,bottle
b8a7cc0278304cf0882ddf25040af3d9,bottle
64ef2a52613041bfa7b34f27a2dcf377,bottle
1c2a9a7e360b4d2892654f3f8998ef85,bottle
1450ccf286f64ca4882422d0751334ae,bottle
af82f700434644dfb6e63c6117695527,bottle
edb077bdea8446b89b9af51cbae345e0,bottle
fb4202d9afc847eba660d1607a57f64b,bottle
97802a0adf12404b8370a3b75c5b9237,bottle
8eb56daa051f4a42a74900932180199c,bottle
cb7021f1ca3d4316b3714ca3262e6830,bottle
0e8acc8ad98f4d1794985e4579ce18eb,bottle
13ef8c3671204fd3924b0db9a05b21aa,bottle
1bc2987dfc054796b5ab09f1bff1e569,bottle
c5cc01a4d8f64817ad5f558ac3cd7636,bottle
ef4d26f737fd4ce88e39387e419de1b3,bottle
c1b28950a23846aeb02a3e2cfbf590eb,bottle
5d495c00d096428f8ab858d3145f2b62,pillow
d4a37e00cee941598d8158f712bc8eab,pillow
78a77b69021e4b008fa5d0872da3adae,pillow
3f195a49fbb347ea9e5049bfa0998d7a,pillow
0036481f67544ee79b067305af33ea4b,pillow
1f54a72db6744f83aea120c84e2cc2bf,pillow
dbac58a0440f47709bf5c36d6f2116cd,pillow
3211326aee364a8b840c6425b6d4e7b9,pillow
a9325cb916534c72b6441aa4fa2a83de,pillow
a0008fa915ac45db8fc0532f95c37b97,pillow
959291591aff4c8fab3f00b0db055932,pillow
287c3f62c2b04a3585e2efe26678b8a6,pillow
ccf94391d45747b4a3aae700c143df20,pillow
d5145151f9584f21a655f63b97ae5b62,pillow
49ff5037af0b45fbab69680fcb3228a2,pillow
6f9431c68ffa44d0b2e7635d646c4000,pillow
eab682dd4a834a2d8c318cbcfa65cb36,pillow
022f2092ded7436ca793f1948d7db12f,pillow
ffedc1b62f8d485bb19392c6d33fb71d,pillow
fb3ff27a30bb4243b8006bc997f4d8a4,pillow
5df38e1b440d402b910fc5a986108ac9,pillow
6c13dd979b074b9facd5ea6648597a59,pillow
0eba111d0ca54af19771a164ee1b54b8,pillow
08ae970c13034f2b9a5e0ddcfb71cf5b,pillow
f7548f3494c44baebfa30a7313ba79a2,pillow
917f876032864a4d9719a20c8fa5f492,pillow
5a94bdef81444de29e8ec73a70d536f1,pillow
6132c68594544694b753b305b50bf66b,pillow
3ee733bfd37b4692a7efb7719ba32626,pillow
8d42e72fbec448349c686621e1537c64,pillow
37d747c239c34ff581db1f0c22ef4b03,pillow
f82277a43fc649f296e4c59063e78593,pillow
e3e172ee8d184134bc2143f0834eb470,pillow
3ed05d0386d745ed95ae6ec7f4ee86dd,pillow
a56ac9aaebf247878a06ab7c93cc25cf,pillow
8ce9404534674d419f9d47bb096a1fbc,pillow
8b6aceea281742c0a539bde0ba68dfc6,blanket
fa968bf5d57a4265bedb233293870dc2,blanket
33c7c6ea25664c9bb8f62827a4169df2,blanket
5b2526c400f142a78bc840cff65ad57a,blanket
561600ef2e4f4480b7b09f1f52a280e0,blanket
2179f56c4d4645ffa2c70c8e707b9065,blanket
b420bfbdb5ca4fdfaaa2432cd4e76f97,blanket
8fb06477b89b4d8c9e815d1c79bd7c7d,blanket
6a2744b34bc748fa8a42998ac4750567,blanket
d58eea1a6ee746d29fd18f2d9e1a559d,blanket
6b46b33bdff44269bf9391774bb8dd63,blanket
e8c6dbdec8cf4b71bd72da63e27ee104,blanket
fcff1bddc64c4c9e98f85ff848a8a0eb,blanket
31e695688f7d40bd91703539f10f8d54,blanket
7c56b33a7f304addb1961b1db55329bc,blanket
00010d9634f645859d2e252d189b31d5,blanket
3f74a87d7e574adfa011dfb36a3a02a7,blanket
ac1064a1eb1d4af5bd1efb158b7d1f88,blanket
eed294ff80bf46b1bfb3a2dbbb69428c,blanket
68ba20aeb8fe4a03befaa2db5b429758,blanket
3f8ac23a89984e7493d4284b6f99a835,blanket
bcc3b206b4554d288e8eae93ed08c38f,blanket
0ff6d080b2eb4561a21a07c2cd00ae88,blanket
0d5590d1d2184aa98797c3d6382afd7e,blanket
603d067ea2094550842bf65ad7c7e279,blanket
480a866fbdca45cf8305d304484bfd82,blanket
511d44e5693549ca9c4002752a35fcb2,blanket
2fbb8f56b1ba47bdb6746d95b6fc2242,blanket
6a4765c336cd425aa33cc2d5fc2ef29c,blanket
be9b034525c246cebab3620acb5a8027,blanket
05f5e371f6f8473b9ccf0f690cb17d46,blanket
18234b9b760f4833b68ba0fd6ca988c3,blanket
a8805d4ce9aa4d239e5455243555f09c,blanket
eee70cb7980a4ca7aa0a2f86c492283e,blanket
3e3fb2880a184a418dfa62581d07e12d,blanket
8990c7da456f47d193106aa1f2f2442f,blanket
ade41221909748209406d91b20c0b06d,blanket
ab29ecc0ad444166a483a2bf82de07f2,blanket
77b265e330ff44b09450e848d25ecaaa,blanket
433529b3f44845f0abb742c1da85da4c,blanket
e8eebcc02ba84bfeb52a78ce6c69dd7b,blanket
2d89e22eaaa24f8f95b3205ef85bb4c0,blanket
16daedff659a47539ddee0934750e839,blanket
00286954e2d54db8bc7832cc8682b6ff,blanket
0039218299e647d788844de8e1ef7cc2,blanket
5e7466230d364a6d82c05ba985e6e767,box
8c5581a8e6b94a7f8133d9eed2d8df5c,box
a615b94d69124745a6b13a662366ffe7,box
43331c8ba29a42889776a6931e31f15e,box
af186ba73c8e44cfa63001ac17e08a4b,box
926a552f387b48a0ab391e98edbc6a40,box
bb8e91efb9314d2f9f139f1ff565a1c3,box
a625eb853fd74f0aafb353f46b68a3a4,box
49c0eb22f12c42fa9dafb404ce223591,box
259e5c2c3ff14da186a84d386a00edb6,box
1139b853280b4dc1b3691396c7b9ad3c,box
e45403cce7dd4b0e81eaeb840bdc24b2,box
c1856fb0fd1949589a94aca036274a70,box
15d00d76890d458ea454d34ce08cbda5,box
f2a8992ae59c4696888ab0fd35a22ea1,box
cbd93589ebbf431eb0d5b79e86efd549,box
308934a5d45345168ecefbb1d2783815,box
5e74285b36884c839e78019ca804ebc4,box
f43199f19c3142c68cc672db55d9a40d,box
01a25ec4b5e343cba858a53cb8511058,box
d25c31c0d4654606bbba59bf142f7417,box
7ef9d0673cc6423a9542470d435f09e3,box
c85175a3b66940069939cc35828b04ca,box
88e52866006342818700cb658e00ffc7,box
1b1b5f7840074383bef7c7cfbbff9e2a,box
74d467eb13b44d3890862046c3539992,box
50727db65087429dbe853c30650f1bfe,box
b0f3e65d0c3c4a53893b6b2d650f4e95,box
5f7ee0b43aaa4e36bfaa7e25f5609f96,box
c88127d8aa76405a9831da834c00e1bb,box
e7af861512bb42d189bd38952651b538,box
87d8dfe0014f4eb08a478118153257a7,box
f9b76fa52a82427ea97a51b0775be4d5,box
3990cc9d604d4030a84b713db2ad4242,box
5f28dc88604940abbd40ad593151b577,box
b17f1179fa6a4934bc03a796cdc4c8f8,box
71e9895cf75841f2a1ab1778861f1a89,box
6359e3b9c5ec4c19be6640a8ac4d3530,box
9d02c1277e7542efb46409d02cffedf0,box
5957b94cfae743919311ffd6981174ce,box
4732a9f750094c5f910710ab10bf8d54,box
79d20c4af74044ea88bfcd9607f7f3a9,box
ed56f46d99b64d29ad7078196726625b,box
2e29f654739445f0bdcacaffd61bdddc,box
d419b5cc08ac4b1ea3304153944de78e,box
cfbfff197509468b94534dbee3e4a287,box
58b83bbd84e14b6aaba941a00ac76413,box
55bffef8dc834b98b40296b935e903d5,box
3daeaf6bf7a2454faaf1f97131bdb664,box
78b49c06cbaa4ba19365b9864bbc8845,box
b6e895f7dad54be4b103d97ee5098308,shoes
513258ba2c2a4592a77ac1913bd83238,shoes
4944b4320392432a87fee3a1269c74a6,shoes
61a607fa847e45b8bfea58546c52971f,shoes
545c9ad4d411400f8cf93e97242f3160,shoes
bc6c5204b9374c17abd5e2ae97fe8744,shoes
c9bf211e3bc94ce188484d2bd7c4fed8,shoes
0333412b87ff4b858647ada6cb2a057f,shoes
bbb6de7d1a15492f870b605f2e13c4d3,shoes
d96e52a67c42478186139b19374d503f,shoes
9b5caa6314774a91be5045b91066a709,shoes
476e1f16bdc84af7abef89659c465b7a,shoes
9fa225175a80485f9cef7b8b85d3a961,shoes
beebcf86bb35455aaaa18b8de071daac,shoes
d6951661c1e445d8a1d00b7d38d86030,shoes
efa2f1f33966447e8d21d605fecf5231,shoes
22b822c6520d4d49a50ecc1271233039,shoes
3a9859ba9f89411b99cbcb5352ef8573,shoes
16e46e4c4d4b4ed3901bda03002ae827,shoes
7d400cd6b3e84b299bc325942a2cb6ac,shoes
b538af1a479242b69b76aa5e288b3bb4,shoes
66f0f196877a4c6ca390e5b5f275e43f,shoes
d63ecfc224ae44368cdca10db35304c4,shoes
72125b9457bb47419cdb7feca0a9a860,shoes
1bb941e013d14c25946f9ad55f7d1249,shoes
d796cf8784fc46169e3ac70375e0e8a8,shoes
b601649de568470db6e9d8d5c9c76b73,shoes
f96dc8d2cd3d45e0a4d8e2c3767abed1,shoes
h9m9VF9Uqy0oTp1vLmb7KjEfQic,shoes
3c6737c169aa4619b9a00e4ae90a9624,shoes
4622e88fd9264b37997671efeb73af85,shoes
3fbe870a98794cf08daeeebf163fdf24,shoes
958773dd534349d08040acede85d78e3,shoes
73003cee6e3645ce827fc168583bdab0,shoes
8713fae23b20464d821af051d856756a,shoes
2ddb6a3739454d6698cb55c466622bc4,shoes
51e39c197f6f46748b6023fc48cac396,shoes
320cbd32bda44c088a86ef64ab37dcf3,shoes
70982fe23a7c4a2d98c5dfe4370a4a78,shoes
cb4ad2c1c474446092973ef085562c1b,shoes
8a3a89158bff4d65813d5fe5607c5d14,shoes
65e43a34c69941acb3ad18297346f3d5,shoes
42cd12a7c1a24f639679fa5cd5491f76,shoes
fca3823439324d57a625d5c002b7e038,shoes
b7824aaee9a44211841f7ed8668b1dd6,shoes
e04250f955dc404ca21eeba3f27aa2f8,shoes
e203bfdeb69d48c98b89ff75256da460,shoes
980843351c694f2facc043a99ec7a355,shoes
ae0e8d6823ed421ea263938e32d62617,shoes
8980127fd98845bd87a5029116190657,shoes
