uid,local_path
604886640ac948f1980d81bc4a3ed7cf,C:\Users\Wayne\.objaverse\hf-objaverse-v1\glbs/000-024/604886640ac948f1980d81bc4a3ed7cf.glb
ea5d7b8656c74af3843a5fcb34c30d21,C:\Users\Wayne\.objaverse\hf-objaverse-v1\glbs/000-023/ea5d7b8656c74af3843a5fcb34c30d21.glb
a12d3ae76e3944428f14e5b15d4f0efd,C:\Users\Wayne\.objaverse\hf-objaverse-v1\glbs/000-156/a12d3ae76e3944428f14e5b15d4f0efd.glb
b547d81073b64d3e97200fd3ae9a74af,C:\Users\Wayne\.objaverse\hf-objaverse-v1\glbs/000-021/b547d81073b64d3e97200fd3ae9a74af.glb
0776052b361b4002aba142e6ec6bd01e,C:\Users\Wayne\.objaverse\hf-objaverse-v1\glbs/000-068/0776052b361b4002aba142e6ec6bd01e.glb
568f22034e364caca4e450a6d534dbd6,C:\Users\Wayne\.objaverse\hf-objaverse-v1\glbs/000-051/568f22034e364caca4e450a6d534dbd6.glb
b0aa0259376b435fab6645365a7fbd87,C:\Users\Wayne\.objaverse\hf-objaverse-v1\glbs/000-146/b0aa0259376b435fab6645365a7fbd87.glb
6eb4212e70b941a3bd2db196a47828b9,C:\Users\Wayne\.objaverse\hf-objaverse-v1\glbs/000-005/6eb4212e70b941a3bd2db196a47828b9.glb
9eefcf9a6fed458990b59f63a2870d9e,C:\Users\Wayne\.objaverse\hf-objaverse-v1\glbs/000-069/9eefcf9a6fed458990b59f63a2870d9e.glb
6251708b41514ee6b4fec0e3955c4b69,C:\Users\Wayne\.objaverse\hf-objaverse-v1\glbs/000-049/6251708b41514ee6b4fec0e3955c4b69.glb
2bd3fcc82c9f43cfb0c8cf26c7d0107c,C:\Users\Wayne\.objaverse\hf-objaverse-v1\glbs/000-003/2bd3fcc82c9f43cfb0c8cf26c7d0107c.glb
fc9cbf532b6045969b9f7eeac339afd2,C:\Users\Wayne\.objaverse\hf-objaverse-v1\glbs/000-099/fc9cbf532b6045969b9f7eeac339afd2.glb
0034c300f743460c8c84bce3d81ff604,C:\Users\Wayne\.objaverse\hf-objaverse-v1\glbs/000-000/0034c300f743460c8c84bce3d81ff604.glb
954bcc16347940af96136bc6b666cb69,C:\Users\Wayne\.objaverse\hf-objaverse-v1\glbs/000-052/954bcc16347940af96136bc6b666cb69.glb
3ed408980a9b4f9396a7f7c48ec50aa4,C:\Users\Wayne\.objaverse\hf-objaverse-v1\glbs/000-038/3ed408980a9b4f9396a7f7c48ec50aa4.glb
ef7e34822e60420ca3a3a6d4a4509a95,C:\Users\Wayne\.objaverse\hf-objaverse-v1\glbs/000-065/ef7e34822e60420ca3a3a6d4a4509a95.glb
34cdfe3cfc4f467bad8fb088a3949f3d,C:\Users\Wayne\.objaverse\hf-objaverse-v1\glbs/000-144/34cdfe3cfc4f467bad8fb088a3949f3d.glb
dda2613eb5c04527a325a3b0bce9f79c,C:\Users\Wayne\.objaverse\hf-objaverse-v1\glbs/000-138/dda2613eb5c04527a325a3b0bce9f79c.glb
a0a80e5afb33458fbc0aa0ca6d0636b1,C:\Users\Wayne\.objaverse\hf-objaverse-v1\glbs/000-053/a0a80e5afb33458fbc0aa0ca6d0636b1.glb
0972c48a7e4548bca80975a47a823bab,C:\Users\Wayne\.objaverse\hf-objaverse-v1\glbs/000-042/0972c48a7e4548bca80975a47a823bab.glb
a83a693ec68f47b6aeaeef9c94e6ad9e,C:\Users\Wayne\.objaverse\hf-objaverse-v1\glbs/000-033/a83a693ec68f47b6aeaeef9c94e6ad9e.glb
e58503a145144470be27e38f014db153,C:\Users\Wayne\.objaverse\hf-objaverse-v1\glbs/000-065/e58503a145144470be27e38f014db153.glb
ed8d17407c75443d8ad6eb4045cfafa4,C:\Users\Wayne\.objaverse\hf-objaverse-v1\glbs/000-001/ed8d17407c75443d8ad6eb4045cfafa4.glb
3188e466f8f44fff81264ff64ceaff82,C:\Users\Wayne\.objaverse\hf-objaverse-v1\glbs/000-114/3188e466f8f44fff81264ff64ceaff82.glb
4fb3bab820de495599b2987e82c6e6e8,C:\Users\Wayne\.objaverse\hf-objaverse-v1\glbs/000-110/4fb3bab820de495599b2987e82c6e6e8.glb
8bd6af15b49f4abc8f539c1ca4efeb2d,C:\Users\Wayne\.objaverse\hf-objaverse-v1\glbs/000-135/8bd6af15b49f4abc8f539c1ca4efeb2d.glb
8d92600f641e4e1daeed9705afbb21bf,C:\Users\Wayne\.objaverse\hf-objaverse-v1\glbs/000-143/8d92600f641e4e1daeed9705afbb21bf.glb
acf6497a3d274d90ad3750510348f07a,C:\Users\Wayne\.objaverse\hf-objaverse-v1\glbs/000-012/acf6497a3d274d90ad3750510348f07a.glb
0f91a706c6d0454ba101e0d711011b6a,C:\Users\Wayne\.objaverse\hf-objaverse-v1\glbs/000-078/0f91a706c6d0454ba101e0d711011b6a.glb
1e5919f8a1ef4618b4dea274e028f857,C:\Users\Wayne\.objaverse\hf-objaverse-v1\glbs/000-093/1e5919f8a1ef4618b4dea274e028f857.glb
791b545479544d168a5d9e744517dcb8,C:\Users\Wayne\.objaverse\hf-objaverse-v1\glbs/000-138/791b545479544d168a5d9e744517dcb8.glb
6eded741814747329d1333ffa3222f99,C:\Users\Wayne\.objaverse\hf-objaverse-v1\glbs/000-147/6eded741814747329d1333ffa3222f99.glb
392e2810e1e24b02b2fdbc1dd3f21064,C:\Users\Wayne\.objaverse\hf-objaverse-v1\glbs/000-070/392e2810e1e24b02b2fdbc1dd3f21064.glb
37070a6b1e8845b0a67c813b5ed445c8,C:\Users\Wayne\.objaverse\hf-objaverse-v1\glbs/000-108/37070a6b1e8845b0a67c813b5ed445c8.glb
242fae6fa0c346d28a4685118ccd6f42,C:\Users\Wayne\.objaverse\hf-objaverse-v1\glbs/000-025/242fae6fa0c346d28a4685118ccd6f42.glb
8102032a85e34e1d9e9193e6149946f1,C:\Users\Wayne\.objaverse\hf-objaverse-v1\glbs/000-033/8102032a85e34e1d9e9193e6149946f1.glb
600e1e7db1cf48479da37f997e6c3448,C:\Users\Wayne\.objaverse\hf-objaverse-v1\glbs/000-128/600e1e7db1cf48479da37f997e6c3448.glb
049d0f1a46fb4d50968de6984c736932,C:\Users\Wayne\.objaverse\hf-objaverse-v1\glbs/000-000/049d0f1a46fb4d50968de6984c736932.glb
09649321adfe4a0586777e914262b8a2,C:\Users\Wayne\.objaverse\hf-objaverse-v1\glbs/000-155/09649321adfe4a0586777e914262b8a2.glb
471624bc7cd84b74aa93fed9361498fc,C:\Users\Wayne\.objaverse\hf-objaverse-v1\glbs/000-117/471624bc7cd84b74aa93fed9361498fc.glb
ed62e8ab9bd241038609d48a26388b16,C:\Users\Wayne\.objaverse\hf-objaverse-v1\glbs/000-079/ed62e8ab9bd241038609d48a26388b16.glb
7e7cc43a2fb84e44a03a67fecdd76ba8,C:\Users\Wayne\.objaverse\hf-objaverse-v1\glbs/000-147/7e7cc43a2fb84e44a03a67fecdd76ba8.glb
a951835bf6d04ba0a83f8945ae5ed06d,C:\Users\Wayne\.objaverse\hf-objaverse-v1\glbs/000-066/a951835bf6d04ba0a83f8945ae5ed06d.glb
b05862a2023f4c02988b3bb3004f6ff6,C:\Users\Wayne\.objaverse\hf-objaverse-v1\glbs/000-072/b05862a2023f4c02988b3bb3004f6ff6.glb
8fda709c6b2646a49f884d130c0c86da,C:\Users\Wayne\.objaverse\hf-objaverse-v1\glbs/000-017/8fda709c6b2646a49f884d130c0c86da.glb
0a6b884fa93946278b1d9baba2e24a0b,C:\Users\Wayne\.objaverse\hf-objaverse-v1\glbs/000-156/0a6b884fa93946278b1d9baba2e24a0b.glb
bdbe20ceb14c48a2a28ac26822d2cc21,C:\Users\Wayne\.objaverse\hf-objaverse-v1\glbs/000-116/bdbe20ceb14c48a2a28ac26822d2cc21.glb
b69ad0b5456249318982aec3e0aeeb6f,C:\Users\Wayne\.objaverse\hf-objaverse-v1\glbs/000-044/b69ad0b5456249318982aec3e0aeeb6f.glb
39541d5daa7a4fba9614ad9847c992d5,C:\Users\Wayne\.objaverse\hf-objaverse-v1\glbs/000-023/39541d5daa7a4fba9614ad9847c992d5.glb
4d9a3e7fcf9d479881b29c84fcdc0cd2,C:\Users\Wayne\.objaverse\hf-objaverse-v1\glbs/000-123/4d9a3e7fcf9d479881b29c84fcdc0cd2.glb
e8d10d0d23564af590b879853be27782,C:\Users\Wayne\.objaverse\hf-objaverse-v1\glbs/000-001/e8d10d0d23564af590b879853be27782.glb
780876970a2c4106a98a838c4383a847,C:\Users\Wayne\.objaverse\hf-objaverse-v1\glbs/000-093/780876970a2c4106a98a838c4383a847.glb
1b256f6ce7924f59a756fe8f7ba69416,C:\Users\Wayne\.objaverse\hf-objaverse-v1\glbs/000-079/1b256f6ce7924f59a756fe8f7ba69416.glb
c5da9821e5684103bf0e6897c5c69b1e,C:\Users\Wayne\.objaverse\hf-objaverse-v1\glbs/000-077/c5da9821e5684103bf0e6897c5c69b1e.glb
3ee00f7e14674461af4241f5ef7ed039,C:\Users\Wayne\.objaverse\hf-objaverse-v1\glbs/000-019/3ee00f7e14674461af4241f5ef7ed039.glb
aa39a8cc7be04b0c8e02c6142a007137,C:\Users\Wayne\.objaverse\hf-objaverse-v1\glbs/000-007/aa39a8cc7be04b0c8e02c6142a007137.glb
815bd9cee3644f3f8996b4a6d123c7c3,C:\Users\Wayne\.objaverse\hf-objaverse-v1\glbs/000-110/815bd9cee3644f3f8996b4a6d123c7c3.glb
c3b507238f8846689447e2f59ba4a864,C:\Users\Wayne\.objaverse\hf-objaverse-v1\glbs/000-124/c3b507238f8846689447e2f59ba4a864.glb
9a0305becfca4f6aaeb36ebfa2208c31,C:\Users\Wayne\.objaverse\hf-objaverse-v1\glbs/000-158/9a0305becfca4f6aaeb36ebfa2208c31.glb
c66f09a20a9146ab9b004685a5a93787,C:\Users\Wayne\.objaverse\hf-objaverse-v1\glbs/000-140/c66f09a20a9146ab9b004685a5a93787.glb
49b2fffdda8944b3a0871a05e4c8e14d,C:\Users\Wayne\.objaverse\hf-objaverse-v1\glbs/000-076/49b2fffdda8944b3a0871a05e4c8e14d.glb
ade4d25315af4126b34b472817c9d079,C:\Users\Wayne\.objaverse\hf-objaverse-v1\glbs/000-066/ade4d25315af4126b34b472817c9d079.glb
2c417d1e328f43b6886baa3abd55df60,C:\Users\Wayne\.objaverse\hf-objaverse-v1\glbs/000-120/2c417d1e328f43b6886baa3abd55df60.glb
b4deb4cecd784aa4b7d02f361f868a26,C:\Users\Wayne\.objaverse\hf-objaverse-v1\glbs/000-122/b4deb4cecd784aa4b7d02f361f868a26.glb
d367f2a1e96644c7afd46fdd47659a69,C:\Users\Wayne\.objaverse\hf-objaverse-v1\glbs/000-047/d367f2a1e96644c7afd46fdd47659a69.glb
244e006c51f94c63a95d501de5b62360,C:\Users\Wayne\.objaverse\hf-objaverse-v1\glbs/000-081/244e006c51f94c63a95d501de5b62360.glb
2dd0cc6b57dd4042b5f28153022e5810,C:\Users\Wayne\.objaverse\hf-objaverse-v1\glbs/000-025/2dd0cc6b57dd4042b5f28153022e5810.glb
7838304674bf443cb7e2701e2126f65c,C:\Users\Wayne\.objaverse\hf-objaverse-v1\glbs/000-081/7838304674bf443cb7e2701e2126f65c.glb
70b7b418af714050aa83e99deb2253b7,C:\Users\Wayne\.objaverse\hf-objaverse-v1\glbs/000-056/70b7b418af714050aa83e99deb2253b7.glb
d98a52d836a942fb9322fecf95c31ed1,C:\Users\Wayne\.objaverse\hf-objaverse-v1\glbs/000-116/d98a52d836a942fb9322fecf95c31ed1.glb
26137866131f4c638ada57d85caea01f,C:\Users\Wayne\.objaverse\hf-objaverse-v1\glbs/000-036/26137866131f4c638ada57d85caea01f.glb
2349ad91f46449079d909598db140528,C:\Users\Wayne\.objaverse\hf-objaverse-v1\glbs/000-071/2349ad91f46449079d909598db140528.glb
93de4e34093742d098f852c0b86fff93,C:\Users\Wayne\.objaverse\hf-objaverse-v1\glbs/000-076/93de4e34093742d098f852c0b86fff93.glb
90a0093f27f04ea19e33591f22910741,C:\Users\Wayne\.objaverse\hf-objaverse-v1\glbs/000-070/90a0093f27f04ea19e33591f22910741.glb
88092301a90f45bf8e31752fc8d28797,C:\Users\Wayne\.objaverse\hf-objaverse-v1\glbs/000-079/88092301a90f45bf8e31752fc8d28797.glb
669323bcc4544890947260a45f91dc4c,C:\Users\Wayne\.objaverse\hf-objaverse-v1\glbs/000-070/669323bcc4544890947260a45f91dc4c.glb
d53c18fe16c6454988c391602d11eff2,C:\Users\Wayne\.objaverse\hf-objaverse-v1\glbs/000-088/d53c18fe16c6454988c391602d11eff2.glb
4d1a87ccb2024822a661fa3542b6fd1c,C:\Users\Wayne\.objaverse\hf-objaverse-v1\glbs/000-041/4d1a87ccb2024822a661fa3542b6fd1c.glb
db1a56f564ec4c2bb20b64e46abeff55,C:\Users\Wayne\.objaverse\hf-objaverse-v1\glbs/000-089/db1a56f564ec4c2bb20b64e46abeff55.glb
dc1615bd22ea472ea732bdfdbfa2cae4,C:\Users\Wayne\.objaverse\hf-objaverse-v1\glbs/000-098/dc1615bd22ea472ea732bdfdbfa2cae4.glb
c639e763b0f346769414c7c05bc38c60,C:\Users\Wayne\.objaverse\hf-objaverse-v1\glbs/000-080/c639e763b0f346769414c7c05bc38c60.glb
973e59c18bc647669f7f8af470b67b2e,C:\Users\Wayne\.objaverse\hf-objaverse-v1\glbs/000-126/973e59c18bc647669f7f8af470b67b2e.glb
bbe0c251bc924d4eacd4734ed1c471a9,C:\Users\Wayne\.objaverse\hf-objaverse-v1\glbs/000-047/bbe0c251bc924d4eacd4734ed1c471a9.glb
7a1de8e4e9ed43aea81ea8d12c680948,C:\Users\Wayne\.objaverse\hf-objaverse-v1\glbs/000-027/7a1de8e4e9ed43aea81ea8d12c680948.glb
19842492eaac4381b4a67f84371e945f,C:\Users\Wayne\.objaverse\hf-objaverse-v1\glbs/000-069/19842492eaac4381b4a67f84371e945f.glb
6a915904ece84a44b91abe52cd79db45,C:\Users\Wayne\.objaverse\hf-objaverse-v1\glbs/000-147/6a915904ece84a44b91abe52cd79db45.glb
24deeb105683487eb54250a441029013,C:\Users\Wayne\.objaverse\hf-objaverse-v1\glbs/000-057/24deeb105683487eb54250a441029013.glb
4af08e1e8f594444ad79765332f299bb,C:\Users\Wayne\.objaverse\hf-objaverse-v1\glbs/000-107/4af08e1e8f594444ad79765332f299bb.glb
3bc876c9546a4bad91074928453456c0,C:\Users\Wayne\.objaverse\hf-objaverse-v1\glbs/000-010/3bc876c9546a4bad91074928453456c0.glb
c2c0504dfff248c8ac5c30afc0abaee7,C:\Users\Wayne\.objaverse\hf-objaverse-v1\glbs/000-055/c2c0504dfff248c8ac5c30afc0abaee7.glb
e7a2631478084e1485189e3b6659c132,C:\Users\Wayne\.objaverse\hf-objaverse-v1\glbs/000-074/e7a2631478084e1485189e3b6659c132.glb
049244b637ae4f4d9548742f0389bba5,C:\Users\Wayne\.objaverse\hf-objaverse-v1\glbs/000-000/049244b637ae4f4d9548742f0389bba5.glb
09ca07e8534d4cb2a25f074ca9bdabe9,C:\Users\Wayne\.objaverse\hf-objaverse-v1\glbs/000-092/09ca07e8534d4cb2a25f074ca9bdabe9.glb
8a319e3afee14f7ca1c9d625ad8345c2,C:\Users\Wayne\.objaverse\hf-objaverse-v1\glbs/000-003/8a319e3afee14f7ca1c9d625ad8345c2.glb
5ca52fd352f7419daaa2523bf586f64b,C:\Users\Wayne\.objaverse\hf-objaverse-v1\glbs/000-043/5ca52fd352f7419daaa2523bf586f64b.glb
0bd87db318fa442f9e35883eacf62728,C:\Users\Wayne\.objaverse\hf-objaverse-v1\glbs/000-057/0bd87db318fa442f9e35883eacf62728.glb
6902c19d05ff4550a5d85135158b046b,C:\Users\Wayne\.objaverse\hf-objaverse-v1\glbs/000-048/6902c19d05ff4550a5d85135158b046b.glb
a073561befef4547a4edd426d9e0eac7,C:\Users\Wayne\.objaverse\hf-objaverse-v1\glbs/000-138/a073561befef4547a4edd426d9e0eac7.glb
bb7e31d730814e97b882bee710535b12,C:\Users\Wayne\.objaverse\hf-objaverse-v1\glbs/000-008/bb7e31d730814e97b882bee710535b12.glb
fb509f0edeae4f75ab4368a8133f4ccc,C:\Users\Wayne\.objaverse\hf-objaverse-v1\glbs/000-073/fb509f0edeae4f75ab4368a8133f4ccc.glb
aa0b52a4bb894529af9c0de929067704,C:\Users\Wayne\.objaverse\hf-objaverse-v1\glbs/000-147/aa0b52a4bb894529af9c0de929067704.glb
045b91b6257141d285c74a6bf1fceb9c,C:\Users\Wayne\.objaverse\hf-objaverse-v1\glbs/000-000/045b91b6257141d285c74a6bf1fceb9c.glb
99d6bc041c9d4f56ab414b771e14474c,C:\Users\Wayne\.objaverse\hf-objaverse-v1\glbs/000-089/99d6bc041c9d4f56ab414b771e14474c.glb
fa87f31a66f24baebac12ebc7c4b4cb5,C:\Users\Wayne\.objaverse\hf-objaverse-v1\glbs/000-143/fa87f31a66f24baebac12ebc7c4b4cb5.glb
07c4feb4845d40459bb9bba3fd439e79,C:\Users\Wayne\.objaverse\hf-objaverse-v1\glbs/000-101/07c4feb4845d40459bb9bba3fd439e79.glb
202f3448f68c44ceaa5f7f8e28807341,C:\Users\Wayne\.objaverse\hf-objaverse-v1\glbs/000-156/202f3448f68c44ceaa5f7f8e28807341.glb
8de9fd5da97a455dbed078676b532cfb,C:\Users\Wayne\.objaverse\hf-objaverse-v1\glbs/000-049/8de9fd5da97a455dbed078676b532cfb.glb
d07d3bdfb250443d8c2251eeb3c40735,C:\Users\Wayne\.objaverse\hf-objaverse-v1\glbs/000-080/d07d3bdfb250443d8c2251eeb3c40735.glb
0d3086601c914ca19404ad30a3fce593,C:\Users\Wayne\.objaverse\hf-objaverse-v1\glbs/000-136/0d3086601c914ca19404ad30a3fce593.glb
5e9ad4f128cb489aa3e0846a1fa74ebb,C:\Users\Wayne\.objaverse\hf-objaverse-v1\glbs/000-012/5e9ad4f128cb489aa3e0846a1fa74ebb.glb
64402258bbcc4c99b648057f8bd2aed6,C:\Users\Wayne\.objaverse\hf-objaverse-v1\glbs/000-153/64402258bbcc4c99b648057f8bd2aed6.glb
b08a7135cad84e0ca222a8cff075109b,C:\Users\Wayne\.objaverse\hf-objaverse-v1\glbs/000-126/b08a7135cad84e0ca222a8cff075109b.glb
2678ba288c7f4131ab1509e0c27c1c7a,C:\Users\Wayne\.objaverse\hf-objaverse-v1\glbs/000-100/2678ba288c7f4131ab1509e0c27c1c7a.glb
fca10e4c57f543fe8a5153551b551c7f,C:\Users\Wayne\.objaverse\hf-objaverse-v1\glbs/000-130/fca10e4c57f543fe8a5153551b551c7f.glb
5426e6f3a789442eac69ffcb53710a26,C:\Users\Wayne\.objaverse\hf-objaverse-v1\glbs/000-108/5426e6f3a789442eac69ffcb53710a26.glb
775a10863f4b4819a409788ad183e2d5,C:\Users\Wayne\.objaverse\hf-objaverse-v1\glbs/000-079/775a10863f4b4819a409788ad183e2d5.glb
245eda28e866471dbdc6a77d19d66a74,C:\Users\Wayne\.objaverse\hf-objaverse-v1\glbs/000-148/245eda28e866471dbdc6a77d19d66a74.glb
4655f87dfe2e47aa8ecd3ddc2443c240,C:\Users\Wayne\.objaverse\hf-objaverse-v1\glbs/000-114/4655f87dfe2e47aa8ecd3ddc2443c240.glb
0cae68e893dc4d94bf2013a02789efe6,C:\Users\Wayne\.objaverse\hf-objaverse-v1\glbs/000-051/0cae68e893dc4d94bf2013a02789efe6.glb
63ac173b927b404e9582e817361c583d,C:\Users\Wayne\.objaverse\hf-objaverse-v1\glbs/000-111/63ac173b927b404e9582e817361c583d.glb
fed532fdd0904552b3f3624ec7ad7fed,C:\Users\Wayne\.objaverse\hf-objaverse-v1\glbs/000-006/fed532fdd0904552b3f3624ec7ad7fed.glb
2e304962bdcd455280433a4a8eb971c1,C:\Users\Wayne\.objaverse\hf-objaverse-v1\glbs/000-082/2e304962bdcd455280433a4a8eb971c1.glb
fdd27718d3da45abbedd15d4b2c0a262,C:\Users\Wayne\.objaverse\hf-objaverse-v1\glbs/000-071/fdd27718d3da45abbedd15d4b2c0a262.glb
0f213ea073e745e6b014cb7c6a26880c,C:\Users\Wayne\.objaverse\hf-objaverse-v1\glbs/000-005/0f213ea073e745e6b014cb7c6a26880c.glb
48f37743058940078cff17c22c3bb64d,C:\Users\Wayne\.objaverse\hf-objaverse-v1\glbs/000-044/48f37743058940078cff17c22c3bb64d.glb
0c2ec0a278fc4ce6b5ad63a3aa0280ad,C:\Users\Wayne\.objaverse\hf-objaverse-v1\glbs/000-076/0c2ec0a278fc4ce6b5ad63a3aa0280ad.glb
0283a4e6c0364efc812e11ac5473137c,C:\Users\Wayne\.objaverse\hf-objaverse-v1\glbs/000-000/0283a4e6c0364efc812e11ac5473137c.glb
09751dc6d60c4e0680b4942e9ac4fd36,C:\Users\Wayne\.objaverse\hf-objaverse-v1\glbs/000-037/09751dc6d60c4e0680b4942e9ac4fd36.glb
32a4f80a37104b8480f5679f08816d59,C:\Users\Wayne\.objaverse\hf-objaverse-v1\glbs/000-024/32a4f80a37104b8480f5679f08816d59.glb
0574df9de0884e7da4564f37fe37e439,C:\Users\Wayne\.objaverse\hf-objaverse-v1\glbs/000-000/0574df9de0884e7da4564f37fe37e439.glb
2490aa1120cf4db5aeff0ea21bab77ed,C:\Users\Wayne\.objaverse\hf-objaverse-v1\glbs/000-122/2490aa1120cf4db5aeff0ea21bab77ed.glb
c43a66561dd34db8836178ee6b212846,C:\Users\Wayne\.objaverse\hf-objaverse-v1\glbs/000-044/c43a66561dd34db8836178ee6b212846.glb
29698e1a487349f2a89a33bf1577f859,C:\Users\Wayne\.objaverse\hf-objaverse-v1\glbs/000-025/29698e1a487349f2a89a33bf1577f859.glb
229c536a8d6b445f8a21cf73f6c6dce9,C:\Users\Wayne\.objaverse\hf-objaverse-v1\glbs/000-154/229c536a8d6b445f8a21cf73f6c6dce9.glb
8cb30e472fda43788ca754aac2d42541,C:\Users\Wayne\.objaverse\hf-objaverse-v1\glbs/000-048/8cb30e472fda43788ca754aac2d42541.glb
83646e018c4749abb112888eb2760a29,C:\Users\Wayne\.objaverse\hf-objaverse-v1\glbs/000-093/83646e018c4749abb112888eb2760a29.glb
1c8e0c944d7242448d40b6cbb1f4901c,C:\Users\Wayne\.objaverse\hf-objaverse-v1\glbs/000-015/1c8e0c944d7242448d40b6cbb1f4901c.glb
fa44d55f148344169e195249c0981306,C:\Users\Wayne\.objaverse\hf-objaverse-v1\glbs/000-076/fa44d55f148344169e195249c0981306.glb
7c4ce8f97abe48b2abfbfa6e1c9e1549,C:\Users\Wayne\.objaverse\hf-objaverse-v1\glbs/000-001/7c4ce8f97abe48b2abfbfa6e1c9e1549.glb
69e85cded74144bea659f52af3e81b49,C:\Users\Wayne\.objaverse\hf-objaverse-v1\glbs/000-034/69e85cded74144bea659f52af3e81b49.glb
ef4d26f737fd4ce88e39387e419de1b3,C:\Users\Wayne\.objaverse\hf-objaverse-v1\glbs/000-063/ef4d26f737fd4ce88e39387e419de1b3.glb
ef94916c83e441d483e6e3b9647d274b,C:\Users\Wayne\.objaverse\hf-objaverse-v1\glbs/000-028/ef94916c83e441d483e6e3b9647d274b.glb
1018cd118d4f476bb8051a121485d27b,C:\Users\Wayne\.objaverse\hf-objaverse-v1\glbs/000-048/1018cd118d4f476bb8051a121485d27b.glb
e1e3a74aaa4c4dacb3ffdac4dd119830,C:\Users\Wayne\.objaverse\hf-objaverse-v1\glbs/000-035/e1e3a74aaa4c4dacb3ffdac4dd119830.glb
40f7bac9be754b928f24c52d9f6b340e,C:\Users\Wayne\.objaverse\hf-objaverse-v1\glbs/000-071/40f7bac9be754b928f24c52d9f6b340e.glb
0db165441e2f4994aebb90ceb4fbfab9,C:\Users\Wayne\.objaverse\hf-objaverse-v1\glbs/000-145/0db165441e2f4994aebb90ceb4fbfab9.glb
97802a0adf12404b8370a3b75c5b9237,C:\Users\Wayne\.objaverse\hf-objaverse-v1\glbs/000-080/97802a0adf12404b8370a3b75c5b9237.glb
c1b28950a23846aeb02a3e2cfbf590eb,C:\Users\Wayne\.objaverse\hf-objaverse-v1\glbs/000-142/c1b28950a23846aeb02a3e2cfbf590eb.glb
b314794073c44ede838cf61627b5a3b7,C:\Users\Wayne\.objaverse\hf-objaverse-v1\glbs/000-046/b314794073c44ede838cf61627b5a3b7.glb
0e8acc8ad98f4d1794985e4579ce18eb,C:\Users\Wayne\.objaverse\hf-objaverse-v1\glbs/000-145/0e8acc8ad98f4d1794985e4579ce18eb.glb
6eef299b1aac4ff29f238abca0f7cff3,C:\Users\Wayne\.objaverse\hf-objaverse-v1\glbs/000-119/6eef299b1aac4ff29f238abca0f7cff3.glb
8eb56daa051f4a42a74900932180199c,C:\Users\Wayne\.objaverse\hf-objaverse-v1\glbs/000-113/8eb56daa051f4a42a74900932180199c.glb
b06753cff10241b4b6a130aaa8159818,C:\Users\Wayne\.objaverse\hf-objaverse-v1\glbs/000-140/b06753cff10241b4b6a130aaa8159818.glb
c5cc01a4d8f64817ad5f558ac3cd7636,C:\Users\Wayne\.objaverse\hf-objaverse-v1\glbs/000-043/c5cc01a4d8f64817ad5f558ac3cd7636.glb
9337ea6cf4e942359f290c69c77e132d,C:\Users\Wayne\.objaverse\hf-objaverse-v1\glbs/000-035/9337ea6cf4e942359f290c69c77e132d.glb
b1227d257aef4baf9be6ca72754ab32c,C:\Users\Wayne\.objaverse\hf-objaverse-v1\glbs/000-027/b1227d257aef4baf9be6ca72754ab32c.glb
1450ccf286f64ca4882422d0751334ae,C:\Users\Wayne\.objaverse\hf-objaverse-v1\glbs/000-131/1450ccf286f64ca4882422d0751334ae.glb
3426bc4b8e8249b087a534844ef93001,C:\Users\Wayne\.objaverse\hf-objaverse-v1\glbs/000-052/3426bc4b8e8249b087a534844ef93001.glb
39b092718d1b4068abba42ea00cee691,C:\Users\Wayne\.objaverse\hf-objaverse-v1\glbs/000-003/39b092718d1b4068abba42ea00cee691.glb
1c2a9a7e360b4d2892654f3f8998ef85,C:\Users\Wayne\.objaverse\hf-objaverse-v1\glbs/000-096/1c2a9a7e360b4d2892654f3f8998ef85.glb
5a94bdef81444de29e8ec73a70d536f1,C:\Users\Wayne\.objaverse\hf-objaverse-v1\glbs/000-004/5a94bdef81444de29e8ec73a70d536f1.glb
e3e172ee8d184134bc2143f0834eb470,C:\Users\Wayne\.objaverse\hf-objaverse-v1\glbs/000-082/e3e172ee8d184134bc2143f0834eb470.glb
0036481f67544ee79b067305af33ea4b,C:\Users\Wayne\.objaverse\hf-objaverse-v1\glbs/000-000/0036481f67544ee79b067305af33ea4b.glb
6f9431c68ffa44d0b2e7635d646c4000,C:\Users\Wayne\.objaverse\hf-objaverse-v1\glbs/000-143/6f9431c68ffa44d0b2e7635d646c4000.glb
287c3f62c2b04a3585e2efe26678b8a6,C:\Users\Wayne\.objaverse\hf-objaverse-v1\glbs/000-156/287c3f62c2b04a3585e2efe26678b8a6.glb
959291591aff4c8fab3f00b0db055932,C:\Users\Wayne\.objaverse\hf-objaverse-v1\glbs/000-040/959291591aff4c8fab3f00b0db055932.glb
8d42e72fbec448349c686621e1537c64,C:\Users\Wayne\.objaverse\hf-objaverse-v1\glbs/000-096/8d42e72fbec448349c686621e1537c64.glb
f82277a43fc649f296e4c59063e78593,C:\Users\Wayne\.objaverse\hf-objaverse-v1\glbs/000-038/f82277a43fc649f296e4c59063e78593.glb
6c13dd979b074b9facd5ea6648597a59,C:\Users\Wayne\.objaverse\hf-objaverse-v1\glbs/000-049/6c13dd979b074b9facd5ea6648597a59.glb
08ae970c13034f2b9a5e0ddcfb71cf5b,C:\Users\Wayne\.objaverse\hf-objaverse-v1\glbs/000-138/08ae970c13034f2b9a5e0ddcfb71cf5b.glb
5d495c00d096428f8ab858d3145f2b62,C:\Users\Wayne\.objaverse\hf-objaverse-v1\glbs/000-019/5d495c00d096428f8ab858d3145f2b62.glb
ccf94391d45747b4a3aae700c143df20,C:\Users\Wayne\.objaverse\hf-objaverse-v1\glbs/000-088/ccf94391d45747b4a3aae700c143df20.glb
37d747c239c34ff581db1f0c22ef4b03,C:\Users\Wayne\.objaverse\hf-objaverse-v1\glbs/000-046/37d747c239c34ff581db1f0c22ef4b03.glb
a56ac9aaebf247878a06ab7c93cc25cf,C:\Users\Wayne\.objaverse\hf-objaverse-v1\glbs/000-096/a56ac9aaebf247878a06ab7c93cc25cf.glb
3211326aee364a8b840c6425b6d4e7b9,C:\Users\Wayne\.objaverse\hf-objaverse-v1\glbs/000-093/3211326aee364a8b840c6425b6d4e7b9.glb
3ee733bfd37b4692a7efb7719ba32626,C:\Users\Wayne\.objaverse\hf-objaverse-v1\glbs/000-091/3ee733bfd37b4692a7efb7719ba32626.glb
022f2092ded7436ca793f1948d7db12f,C:\Users\Wayne\.objaverse\hf-objaverse-v1\glbs/000-000/022f2092ded7436ca793f1948d7db12f.glb
917f876032864a4d9719a20c8fa5f492,C:\Users\Wayne\.objaverse\hf-objaverse-v1\glbs/000-126/917f876032864a4d9719a20c8fa5f492.glb
d4a37e00cee941598d8158f712bc8eab,C:\Users\Wayne\.objaverse\hf-objaverse-v1\glbs/000-028/d4a37e00cee941598d8158f712bc8eab.glb
5df38e1b440d402b910fc5a986108ac9,C:\Users\Wayne\.objaverse\hf-objaverse-v1\glbs/000-101/5df38e1b440d402b910fc5a986108ac9.glb
3f74a87d7e574adfa011dfb36a3a02a7,C:\Users\Wayne\.objaverse\hf-objaverse-v1\glbs/000-065/3f74a87d7e574adfa011dfb36a3a02a7.glb
05f5e371f6f8473b9ccf0f690cb17d46,C:\Users\Wayne\.objaverse\hf-objaverse-v1\glbs/000-150/05f5e371f6f8473b9ccf0f690cb17d46.glb
ab29ecc0ad444166a483a2bf82de07f2,C:\Users\Wayne\.objaverse\hf-objaverse-v1\glbs/000-155/ab29ecc0ad444166a483a2bf82de07f2.glb
ac1064a1eb1d4af5bd1efb158b7d1f88,C:\Users\Wayne\.objaverse\hf-objaverse-v1\glbs/000-110/ac1064a1eb1d4af5bd1efb158b7d1f88.glb
16daedff659a47539ddee0934750e839,C:\Users\Wayne\.objaverse\hf-objaverse-v1\glbs/000-121/16daedff659a47539ddee0934750e839.glb
7c56b33a7f304addb1961b1db55329bc,C:\Users\Wayne\.objaverse\hf-objaverse-v1\glbs/000-158/7c56b33a7f304addb1961b1db55329bc.glb
e8eebcc02ba84bfeb52a78ce6c69dd7b,C:\Users\Wayne\.objaverse\hf-objaverse-v1\glbs/000-116/e8eebcc02ba84bfeb52a78ce6c69dd7b.glb
2fbb8f56b1ba47bdb6746d95b6fc2242,C:\Users\Wayne\.objaverse\hf-objaverse-v1\glbs/000-157/2fbb8f56b1ba47bdb6746d95b6fc2242.glb
e8c6dbdec8cf4b71bd72da63e27ee104,C:\Users\Wayne\.objaverse\hf-objaverse-v1\glbs/000-130/e8c6dbdec8cf4b71bd72da63e27ee104.glb
68ba20aeb8fe4a03befaa2db5b429758,C:\Users\Wayne\.objaverse\hf-objaverse-v1\glbs/000-055/68ba20aeb8fe4a03befaa2db5b429758.glb
603d067ea2094550842bf65ad7c7e279,C:\Users\Wayne\.objaverse\hf-objaverse-v1\glbs/000-097/603d067ea2094550842bf65ad7c7e279.glb
fcff1bddc64c4c9e98f85ff848a8a0eb,C:\Users\Wayne\.objaverse\hf-objaverse-v1\glbs/000-112/fcff1bddc64c4c9e98f85ff848a8a0eb.glb
b420bfbdb5ca4fdfaaa2432cd4e76f97,C:\Users\Wayne\.objaverse\hf-objaverse-v1\glbs/000-136/b420bfbdb5ca4fdfaaa2432cd4e76f97.glb
2d89e22eaaa24f8f95b3205ef85bb4c0,C:\Users\Wayne\.objaverse\hf-objaverse-v1\glbs/000-126/2d89e22eaaa24f8f95b3205ef85bb4c0.glb
8990c7da456f47d193106aa1f2f2442f,C:\Users\Wayne\.objaverse\hf-objaverse-v1\glbs/000-041/8990c7da456f47d193106aa1f2f2442f.glb
0d5590d1d2184aa98797c3d6382afd7e,C:\Users\Wayne\.objaverse\hf-objaverse-v1\glbs/000-105/0d5590d1d2184aa98797c3d6382afd7e.glb
6a2744b34bc748fa8a42998ac4750567,C:\Users\Wayne\.objaverse\hf-objaverse-v1\glbs/000-053/6a2744b34bc748fa8a42998ac4750567.glb
8fb06477b89b4d8c9e815d1c79bd7c7d,C:\Users\Wayne\.objaverse\hf-objaverse-v1\glbs/000-024/8fb06477b89b4d8c9e815d1c79bd7c7d.glb
5b2526c400f142a78bc840cff65ad57a,C:\Users\Wayne\.objaverse\hf-objaverse-v1\glbs/000-035/5b2526c400f142a78bc840cff65ad57a.glb
fa968bf5d57a4265bedb233293870dc2,C:\Users\Wayne\.objaverse\hf-objaverse-v1\glbs/000-095/fa968bf5d57a4265bedb233293870dc2.glb
52b7d1e80fa94a14af45cfc3b811714f,C:\Users\Wayne\.objaverse\hf-objaverse-v1\glbs/000-056/52b7d1e80fa94a14af45cfc3b811714f.glb
285134ab18bf49d58a16f193b5403da9,C:\Users\Wayne\.objaverse\hf-objaverse-v1\glbs/000-005/285134ab18bf49d58a16f193b5403da9.glb
469f716110444a7a8398a3d130745c42,C:\Users\Wayne\.objaverse\hf-objaverse-v1\glbs/000-146/469f716110444a7a8398a3d130745c42.glb
c85175a3b66940069939cc35828b04ca,C:\Users\Wayne\.objaverse\hf-objaverse-v1\glbs/000-156/c85175a3b66940069939cc35828b04ca.glb
01a9b9241681422c9c21ef6d02c3bee1,C:\Users\Wayne\.objaverse\hf-objaverse-v1\glbs/000-000/01a9b9241681422c9c21ef6d02c3bee1.glb
f2d4f12e33aa4b15898a20e75d588ec3,C:\Users\Wayne\.objaverse\hf-objaverse-v1\glbs/000-061/f2d4f12e33aa4b15898a20e75d588ec3.glb
50727db65087429dbe853c30650f1bfe,C:\Users\Wayne\.objaverse\hf-objaverse-v1\glbs/000-112/50727db65087429dbe853c30650f1bfe.glb
cbd93589ebbf431eb0d5b79e86efd549,C:\Users\Wayne\.objaverse\hf-objaverse-v1\glbs/000-053/cbd93589ebbf431eb0d5b79e86efd549.glb
ed56f46d99b64d29ad7078196726625b,C:\Users\Wayne\.objaverse\hf-objaverse-v1\glbs/000-122/ed56f46d99b64d29ad7078196726625b.glb
af186ba73c8e44cfa63001ac17e08a4b,C:\Users\Wayne\.objaverse\hf-objaverse-v1\glbs/000-137/af186ba73c8e44cfa63001ac17e08a4b.glb
55bffef8dc834b98b40296b935e903d5,C:\Users\Wayne\.objaverse\hf-objaverse-v1\glbs/000-060/55bffef8dc834b98b40296b935e903d5.glb
88e52866006342818700cb658e00ffc7,C:\Users\Wayne\.objaverse\hf-objaverse-v1\glbs/000-141/88e52866006342818700cb658e00ffc7.glb
e7af861512bb42d189bd38952651b538,C:\Users\Wayne\.objaverse\hf-objaverse-v1\glbs/000-016/e7af861512bb42d189bd38952651b538.glb
eab8a05a7edd4784825cb4c1eaa16aca,C:\Users\Wayne\.objaverse\hf-objaverse-v1\glbs/000-039/eab8a05a7edd4784825cb4c1eaa16aca.glb
d25c31c0d4654606bbba59bf142f7417,C:\Users\Wayne\.objaverse\hf-objaverse-v1\glbs/000-136/d25c31c0d4654606bbba59bf142f7417.glb
01a25ec4b5e343cba858a53cb8511058,C:\Users\Wayne\.objaverse\hf-objaverse-v1\glbs/000-000/01a25ec4b5e343cba858a53cb8511058.glb
09203263a3154b4283e1158a7abd63d5,C:\Users\Wayne\.objaverse\hf-objaverse-v1\glbs/000-122/09203263a3154b4283e1158a7abd63d5.glb
0db2ccefe9914b39a9db4a89b4012c8a,C:\Users\Wayne\.objaverse\hf-objaverse-v1\glbs/000-080/0db2ccefe9914b39a9db4a89b4012c8a.glb
259e5c2c3ff14da186a84d386a00edb6,C:\Users\Wayne\.objaverse\hf-objaverse-v1\glbs/000-029/259e5c2c3ff14da186a84d386a00edb6.glb
21cf6af4cb5a419ca00728253d290b3a,C:\Users\Wayne\.objaverse\hf-objaverse-v1\glbs/000-008/21cf6af4cb5a419ca00728253d290b3a.glb
3c6737c169aa4619b9a00e4ae90a9624,C:\Users\Wayne\.objaverse\hf-objaverse-v1\glbs/000-059/3c6737c169aa4619b9a00e4ae90a9624.glb
9bdbb414efb94a1e9eefcd07d4b0fea1,C:\Users\Wayne\.objaverse\hf-objaverse-v1\glbs/000-060/9bdbb414efb94a1e9eefcd07d4b0fea1.glb
2ddb6a3739454d6698cb55c466622bc4,C:\Users\Wayne\.objaverse\hf-objaverse-v1\glbs/000-056/2ddb6a3739454d6698cb55c466622bc4.glb
cfa41567512a4ab78cd3eca7b6a58adf,C:\Users\Wayne\.objaverse\hf-objaverse-v1\glbs/000-044/cfa41567512a4ab78cd3eca7b6a58adf.glb
c5c2133684f646e9940ddb2ff7f81334,C:\Users\Wayne\.objaverse\hf-objaverse-v1\glbs/000-002/c5c2133684f646e9940ddb2ff7f81334.glb
ed07d2fdbc58437f844bb096170799d1,C:\Users\Wayne\.objaverse\hf-objaverse-v1\glbs/000-156/ed07d2fdbc58437f844bb096170799d1.glb
adb078c42d0746798efaa3e4686afd33,C:\Users\Wayne\.objaverse\hf-objaverse-v1\glbs/000-144/adb078c42d0746798efaa3e4686afd33.glb
e203bfdeb69d48c98b89ff75256da460,C:\Users\Wayne\.objaverse\hf-objaverse-v1\glbs/000-001/e203bfdeb69d48c98b89ff75256da460.glb
bbb6de7d1a15492f870b605f2e13c4d3,C:\Users\Wayne\.objaverse\hf-objaverse-v1\glbs/000-023/bbb6de7d1a15492f870b605f2e13c4d3.glb
741f01b969da4f1da568b2744aafa3ca,C:\Users\Wayne\.objaverse\hf-objaverse-v1\glbs/000-153/741f01b969da4f1da568b2744aafa3ca.glb
b538af1a479242b69b76aa5e288b3bb4,C:\Users\Wayne\.objaverse\hf-objaverse-v1\glbs/000-041/b538af1a479242b69b76aa5e288b3bb4.glb
b2c04e1980b74abbbf69cc9e002b3728,C:\Users\Wayne\.objaverse\hf-objaverse-v1\glbs/000-084/b2c04e1980b74abbbf69cc9e002b3728.glb
d00bf7fb398c477ab6d1c8b30f667722,C:\Users\Wayne\.objaverse\hf-objaverse-v1\glbs/000-078/d00bf7fb398c477ab6d1c8b30f667722.glb
980843351c694f2facc043a99ec7a355,C:\Users\Wayne\.objaverse\hf-objaverse-v1\glbs/000-069/980843351c694f2facc043a99ec7a355.glb
545c9ad4d411400f8cf93e97242f3160,C:\Users\Wayne\.objaverse\hf-objaverse-v1\glbs/000-157/545c9ad4d411400f8cf93e97242f3160.glb
1bb941e013d14c25946f9ad55f7d1249,C:\Users\Wayne\.objaverse\hf-objaverse-v1\glbs/000-015/1bb941e013d14c25946f9ad55f7d1249.glb
7204c35a9c5a49748a317478318ffed6,C:\Users\Wayne\.objaverse\hf-objaverse-v1\glbs/000-082/7204c35a9c5a49748a317478318ffed6.glb
4d9f7262a1f5460c9302326edadc0c2a,C:\Users\Wayne\.objaverse\hf-objaverse-v1\glbs/000-114/4d9f7262a1f5460c9302326edadc0c2a.glb
8980127fd98845bd87a5029116190657,C:\Users\Wayne\.objaverse\hf-objaverse-v1\glbs/000-107/8980127fd98845bd87a5029116190657.glb
68910e549c304e64a0c86e231e24de22,C:\Users\Wayne\.objaverse\hf-objaverse-v1\glbs/000-157/68910e549c304e64a0c86e231e24de22.glb
